package,version,outcome,evidence_level,coverage_complete,root_pass_cells,failed_entries,infrastructure_failure,elapsed_ms,report_id,lock_digest,snapshot_generation
accepts,1.3.8,pass,smoke_tested,True,8,0,False,14653,f68ca52c-674f-4d26-948e-2b04ef4bd48d,a39ba9e96a176f2acf16c22d15c5e4f4b55cd1cc0dfa12c60d19f5c1cd1ccf63,d4bd651c-aafb-44b5-ba35-85f0636f7935
ajv,8.20.0,pass,smoke_tested,True,8,0,False,17162,9087766c-d0ee-4b37-addb-e1cbe2610a98,430f528ddcc8055b5fb270a06ee62d42cb90435fe2477597bf37375e71ffd25e,fa166b7b-0287-4525-90b6-94cc04e99c9c
axios,1.20.0,inconclusive,smoke_tested,False,8,0,False,23385,ed543388-25f6-4eff-85cb-659ac705a10b,c19a0720bf3382a59c66a7b58205193c457bbbb69d233c48524ff3ee5d952ed0,d817512a-1a7d-4490-b7fd-7100ac85dc38
base64-js,1.5.1,pass,smoke_tested,True,8,0,False,10317,23be33e7-1d01-4719-b612-936535ad6a28,8205347019d161dda7c26253479d3efb5a34e76ad8b1659f4a4f2b45d01faf38,0c6ea402-6b6d-4756-8a52-9a403fd89ceb
bcrypt,6.0.0,pass,smoke_tested,True,8,0,False,11900,a341a24f-ba24-4fb4-8cbf-e2e75239607e,e4420370b9e96d4aaa1084dd9133199ad32aecdc9789bee92636eebb1a7ee133,8e7ca384-3216-4dfa-9216-4d7880c0c555
better-sqlite3,13.0.3,pass,smoke_tested,True,8,0,False,19625,1db282b7-f0c9-4a14-a3a9-d73e487f96e8,f58fb64396d14dab3e2fae69e00416e8c69b743a13f63e582563bba57797857c,0b2319d1-f137-4bd2-8bf3-deb9800421a6
big.js,7.0.1,pass,smoke_tested,True,8,0,False,15965,81aef4e8-5093-456b-bbb3-e1bcc122cb43,b2c162f44d5382dd4125c4857a50ee30ed670ebeea65731e578012007ac33154,a18a793b-6d15-458d-9b3c-25923a9d62c5
bignumber.js,11.1.5,pass,smoke_tested,True,8,0,False,9580,7e94ebf1-66f5-4387-9c5d-c5535c6b2e09,ded538c6e082d7d8b289f4b721ade111b9f8fb365be5dab19c95e1a1719015aa,6108bb7c-6a8a-4c80-827b-f8a85ee63b54
buffer,6.0.3,pass,smoke_tested,True,8,0,False,14398,a9ef4ce6-439d-402b-97e8-081ed3f231a7,cbefeb246e123940ca86f62c8e93a2915fdcd8a2748414171181b68f46c2c539,9113698b-00fc-4f78-b40f-25f9c391b5d2
bytes,3.1.2,pass,smoke_tested,True,8,0,False,10511,b831f1c2-6a61-47c5-84da-9c3aa7ba1421,6a130e587b7e25ad4db2ac1c269f69635532327505e76d3bca7aa7abba663563,0d30c61c-65e8-4d85-a47b-c987c7b882e8
chalk,6.0.1,pass,smoke_tested,True,8,0,False,14068,2b71e080-4713-424c-9d92-2b340f3f46be,870421623367357b2fcfd23bb20b47ca6a9405009bee62393d51ef3a5f16bfb7,8683cef2-4545-4284-b0f8-9733767d3161
chokidar,5.0.0,pass,smoke_tested,True,8,0,False,12132,440aa684-8647-4ad3-a792-a756430ee91a,9382bb7e0df44e3c45977f14029bad0879565640e5dede2cbbc14958d20ed803,30a441b3-eb11-480a-aece-ca440a3eda99
cli-table3,0.6.5,pass,smoke_tested,True,8,0,False,12827,acd7de63-e81e-4800-8791-01b97965da77,a3ab1f2ed17c74902783adfc351bd85b06c875915162bcaae1bf137bc7b25e83,6e8c7962-5bb6-4ece-b516-ef7455d2ee6c
commander,15.0.0,pass,smoke_tested,True,8,0,False,13867,346e8ba0-7bd7-4773-9500-6e5f0b64e0e8,3d83304f77833f9b380cdca564990fcb7ee65de3cdaaddeb8b0efe8533c6071f,90367ae9-2289-4dbd-9fd2-8859f44b3f0d
connect,3.7.0,pass,smoke_tested,True,8,0,False,16237,e4a27097-aaa0-47e6-aeca-495985155964,2dfc2c1f859254493872634aa830e154330d36778f4fa8ce576b8e514ad19d92,f31d4303-5894-482f-9a76-4f21458c0ae4
content-type,3.1.1,pass,smoke_tested,True,8,0,False,13384,5f80ea10-f1dc-43c8-8fa8-1ad7bb105f74,ac4c9befb2c54a1963f04ae8f7e2b26637c2f6a46254444ffadf39ea6cbaa26d,2e499cde-a6b8-4079-8fe8-63a26ee4f51d
cookie,2.0.1,pass,smoke_tested,True,8,0,False,14690,bbab3cfa-829b-419a-8270-357f0bd73ffe,d7ff38a139bcfe0732bc17ee1b967b60b478c97d46f1dfb9022963b9e1ac030f,776d11d2-93a0-4a2f-b584-195c1fbaa022
cookie-parser,1.4.7,pass,smoke_tested,True,8,0,False,10843,2c1cdb53-d2ff-4331-841f-4f5d551e75e0,9c09a007b73ce8ac0783bd01a2eebf02d86f74ee29b993972256cfababa71867,ae4a203b-a554-4e95-9773-d8999b2ab6e6
cors,2.8.6,pass,smoke_tested,True,8,0,False,14840,230c56c2-5f0c-4b16-8e0b-130421dec566,f70a615cf6fd5e591252c70196c805c234597482c6e86a09526d70c7e82cc0a2,dd5be76c-686d-4d21-b484-74d4000a00a3
crypto-js,4.2.0,pass,smoke_tested,True,8,0,False,14907,d59175c8-b4b4-404f-9730-585e835feecc,3b967f44c2c8624de74592cbe9dbd9b98bf8923899bf52681e837a895fee04e5,4d0f3527-6491-4f50-8e10-e36b8affe5e2
date-fns,4.4.0,inconclusive,smoke_tested,False,8,0,False,56647,65d72fc1-be4b-486a-ace4-2db66e4b3b55,478c55d5023f6ddcfae6ad96a26a31d664babc943c9aaa7e64fece21818288b0,863d0d4d-ce69-42d5-8189-22005100c103
dayjs,1.11.23,pass,smoke_tested,True,8,0,False,13588,e3b3e08b-d5f9-4d40-9aa5-1bee2306d58a,f0f0428289673ee3c608cb2b0e7b9bbb15c9d858d52acc1d90b5d545acbc201c,3ea07c0f-1c88-42a1-a3ff-598150f073ab
decimal.js,10.6.0,pass,smoke_tested,True,8,0,False,17219,444df402-7a1d-4606-b315-da22ebb44cc6,b6d5d76d01611475690041ccaa3ce21b1357884a3f3a8dc18ebba59210b6118b,4b0cb57e-0982-4906-91c5-07d3a8926083
deepmerge,4.3.1,pass,smoke_tested,True,8,0,False,15740,ce2cef4d-5f7e-4ccf-9812-79a14fecd3ed,b0976d907b5671c0cb13b838a7369065753cfe518dba709074e54dde77f4eb7e,91aecb6f-7ace-4f5c-97c9-943622385b49
eventemitter3,5.0.4,pass,smoke_tested,True,8,0,False,10066,56aba25b-9f8e-4cdb-b172-b76ce8233719,27c9d38909f1f6556f427f196198de94cec22bffda5e259daf088e0c43845cf7,770dbdcd-8cfc-477a-adda-5910c33105e3
express,5.2.1,pass,smoke_tested,True,8,0,False,23509,b2e8e9a7-6075-4bda-8152-e7135059dc65,19a9ae214205bc5b6d3590fcaf79cee68a7b18a7ae534529b0860057474a23b6,940fbef5-98c0-45cd-890f-e8f4405df0b2
fast-deep-equal,3.1.3,pass,smoke_tested,True,8,0,False,15045,2ca6198c-eab9-49c8-b62c-01e97e5a16aa,097a160807783f92bc43e16f0b66051743e3f1d7daa165671220a51e6cadcf22,1dc1b4db-00c9-4a81-b19c-ada53000cee4
fast-glob,3.3.3,pass,smoke_tested,True,8,0,False,18115,8c460cdc-4d23-478c-ac69-b593c2f4cd08,350884f16893664ec89079a38c400429d06cf5a04076de06e0f7322e56f1e248,b6a4a480-b7ac-45cb-8c87-0633f6a0a870
fast-json-stable-stringify,2.1.0,pass,smoke_tested,True,8,0,False,19409,4bdfa107-e8b9-4c9c-b11c-4b7f9cde16d2,079ebd908fd33f31f6880b16d222749da79f7ba0b1ccc63b6d4d9635336fc232,e563f360-82bc-49ac-b2f8-904b3747a75a
fastify,5.12.5,pass,smoke_tested,True,8,0,False,22376,dcab28c9-af77-433f-8cf8-508a729bae5f,9bdc41d1bbd4ff4826e76e5e42b1723b13c898f8bcc313cded2f6a1a3f456ba3,208b3bc8-2534-43ac-8dfc-8b8ca3efd79c
fs-extra,11.4.1,pass,smoke_tested,True,8,0,False,15452,4cc95481-047b-499b-89a0-1aebdc06eaff,a04cba95e572372aa8e541d80bbffb8ff2f7d590b8f416ca06566aec5ca61e04,853b8b4b-eaae-4905-9dd5-942f7da34659
glob,13.0.6,pass,smoke_tested,True,8,0,False,16306,5604c30d-96d4-469a-8449-22e857911a54,ccea65b4c51400d27ed2af756a0961086980e4d105e515b931f8b87e977b1e53,07e2be30-ebb6-4d2f-a4bb-7d1eb1db0cd4
got,16.0.0,pass,smoke_tested,True,8,0,False,18619,c829acd6-e316-4b6c-84b4-735c4a827420,b8a18996957625699c166f7fe3e52b12d5ff42ad274d81ac39e3978fa141494b,f6f572bf-0015-41be-adc9-e70902d28b30
graceful-fs,4.2.11,pass,smoke_tested,True,8,0,False,14001,57d0d8bc-c4d4-4242-b1de-019ede52f68d,d47690eff3199db1bec4ea355541b9bec91a0b9ec2cd8423f56e6a3196f4fb5d,345eab52-0780-4525-bc0e-36c81f60f067
graphql,17.0.2,inconclusive,smoke_tested,False,8,0,False,29135,6926b53a-ca53-4cec-9358-36b83a438759,d9457cdfd64aed7e9464a9fe2c908583e54707e49b731dd639a0737830708308,c5633696-7166-4800-b686-b0ccfadfcb76
hash-wasm,4.12.0,pass,smoke_tested,True,8,0,False,13995,3581f4e9-abd5-4e14-8958-cb8968fc72d5,77cc506d4f19a7d3544405844b0647a66d46f734e8f131efd5c4a7cc0f6419f3,cac07e22-d63e-4361-9039-40771ec4bffa
helmet,8.3.0,pass,smoke_tested,True,8,0,False,12368,9609c92f-ee00-4e39-863a-8fb001eb010a,7024ecc352e7b3f364cf9d3ab9bd0243c43f4bd7ec2415efed895906dd949d23,8a9b9c04-c110-47c5-84ea-cad4bb7e6f39
hono,4.13.12,inconclusive,smoke_tested,False,8,12,False,17321,5688c325-6e16-4564-94b8-8a198c93f0df,ccb847ed28f836ef37ee04800c40e9fc86ed4f1daacc3cc2d68508bc52852e06,e3f0483d-c763-42e5-ba25-4d63127702e4
http-errors,2.0.1,pass,smoke_tested,True,8,0,False,12639,32fd0a0f-5db8-4d85-85af-8db6e063a972,177a94f2ce4fae39714b7385274005899c4e115fdd5856e668ecb2fbb4333bc4,1107128a-46ef-4293-9e5d-053b26553550
ieee754,1.2.1,pass,smoke_tested,True,8,0,False,9946,1bd81b73-ec1e-4c46-a5f6-c32334a2a012,804de817991177f34e278994edda70894f14ed6be09571a66e2df46e941d66be,ed9f1033-3ea4-4b2a-90df-c4f8a6ffdb21
immer,11.1.21,pass,smoke_tested,True,8,0,False,19432,8a34b5ad-4fb4-49e6-bdda-c960e7403129,aa72ea046bcf2713b41957a2bd9daed9f6dff01ab5edc75e1b3f1344117ac829,ac1632cd-8a77-43e9-bb9e-ea720bc9fa41
immutable,5.1.9,pass,smoke_tested,True,8,0,False,19439,6c09dee7-f132-4583-8174-a8b0b5c4a594,a9cae910b8b3b375423444e8a761827495e18532722fc049d89003dbfee57f6d,6bb07e75-ba17-458a-9c5f-249a627ed9be
is-number,7.0.0,pass,smoke_tested,True,8,0,False,19426,853721d9-69d8-485f-b39b-ee8f335d8f8f,aa00182f1fe395195a34c4bc737192838ddd95830f12345dd735e46b90cc8172,04b42632-9588-4d94-b20f-0818a204ff53
jose,6.2.12,inconclusive,smoke_tested,False,8,0,False,15060,f30b831c-12ca-4268-96f1-df2f2aeaf58d,3101c8d8fc8b264bb58f5ce9432f7d4c563bef2b92c1bc17454196273430aaab,18fb1d85-9e6a-41d0-ba8f-c96c4f4d5880
json5,2.2.3,pass,smoke_tested,True,8,0,False,13937,9bd2331e-7bb8-4c02-8b4b-e98285889b05,603da3488fa890fc986ef1b30400c61190433eab24a53d39cedbf1b0ccc746ee,5cbd737f-c69f-4e39-ae51-1410a0dc4481
jsonwebtoken,9.0.3,pass,smoke_tested,True,8,0,False,13020,d6acd16a-9286-4608-89af-fb00e51e07e6,7f67b514a01e9173a075e2bafe8922987a75dcb73dbf2925ca1c36214d5a884f,1ea23173-e8ae-4b94-a17f-d00aa4d7d1ed
kleur,4.1.5,pass,smoke_tested,True,8,0,False,17249,09c1a141-c035-4b4c-9b76-296f420ea24a,cb4ca7f2656336c8be49c183553f8ed14e96f5d8ab0200e495e3909a47ee4f21,b21fdc02-590b-4174-a4ed-ee9a1772c38c
koa,3.2.1,inconclusive,smoke_tested,False,8,0,False,17798,77cc04ca-6302-47ec-9579-2fac60fc8038,f77b159fa67b4dfd6eb2548e12383699e6013d05a995b62809bca638689a0e6a,ab99415a-349c-41e1-b747-157028b959dc
ky,2.1.0,pass,smoke_tested,True,8,0,False,13653,3cf06b8f-b674-4a23-8540-03d5825b24d1,e01c9f300b31102809a2734ab23f8e11d82e72ffe46f5f0ea051a1d1d4bf9a9c,f3c355cc-9c87-45d3-8442-28d965a07671
lit,3.3.3,pass,smoke_tested,True,8,0,False,22816,7c104c02-01b7-4f56-aa61-9ecf43383dca,b0782f82d870615b23946056d33c8d06c17b1bf4ea9d6314c969d95213a03763,2a7e9fd8-7372-49c5-bcf0-82847b898cf4
lodash,4.18.1,pass,smoke_tested,True,8,0,False,19583,c66f02ce-796a-4e47-ae0f-347ff2c59920,83fef5fcee40d4d3cf5f87faf3e6186bd458a3426e13daf128676747b5fcb198,ea12a895-d6a1-4ed5-9814-052a317b272d
lodash-es,4.18.1,pass,smoke_tested,True,8,0,False,26391,a7b751fc-4b71-460f-958e-ff44a0957479,cfad191828c285818530e7be97e5c2b7df784bd3a36726f8293d9436cf02cdb9,3e0bd472-b6ed-4b36-893f-90f1cf4ea0e7
long,5.3.2,pass,smoke_tested,True,8,0,False,14382,fa4fcb03-3359-49c3-8db1-8bdfa29e6f87,20275291fae26daa025d80130a972d6413708e73d56b1e60d7eadd5740327cf0,2bb9b4e3-85f7-410a-a66c-9e31bc5e0430
luxon,3.7.2,pass,smoke_tested,True,8,0,False,14300,2ae8577c-3feb-4772-ab6d-f2ba9f404c81,2f61091b0fdbd7b97ce81bd8f9381d13d244272634357c043389dd3dfe0a6886,232aa428-aa97-4f58-a75b-3c570f42b019
meow,14.1.0,pass,smoke_tested,True,8,0,False,13889,920e715f-5ce7-4f8b-a1f9-6fa50c28ff4d,0cd9708848150ac10078357e973fb560d2be10d45662c10efe59a0b50ed93921,2785ea49-b888-4ea6-935c-49671c842dcd
micromatch,4.0.8,pass,smoke_tested,True,8,0,False,12279,54cf1d68-1167-4fac-9896-c1f162dbfc80,fb999faa5913d0ea095ec5c5d1053f308034b8d9e0d8b41826d565d1bf9e81e9,5266cfe4-dada-4218-baa2-6dd76adcde97
mime,4.1.0,pass,smoke_tested,True,8,0,False,12579,cb35c75e-72f2-4be8-b049-4f5941905096,7b33164ede45a9cda8c3fe0d667654b7516249dda9e8acc6d167ed46792df302,165d2cf4-f2ff-4cb0-ab41-1217263b759c
mime-types,3.0.2,pass,smoke_tested,True,8,0,False,13545,44765618-27c8-4252-9711-bbb14f484a26,5003379d9f46de87b0233afb1fe1d6030a2eb2212e9a64eb5a9c1e3c96149496,fb76054f-caf0-4aff-8697-62da6a8efa1c
minimatch,10.2.6,pass,smoke_tested,True,8,0,False,13015,28a0a80c-b0cd-4032-9fd4-b803c49f8385,8add9369ff697682b6c033dfd75a652b2499806be8c4b8ca42cb6be1b490569c,ea60d03b-c6e3-459e-bb77-6f7515898ab3
mitt,3.0.1,pass,smoke_tested,True,8,0,False,14007,d346899d-311b-45d8-8a94-1cdfad09f3f9,89a0791478a0d07f7702907946cc9b865e97665a1b1d6d51aab7d307dfddb8a3,0f337078-885a-424f-b916-e16ee6ea7beb
moment,2.31.0,pass,smoke_tested,True,8,0,False,17996,7f78316e-bd97-43f8-9f87-a2c2e37688dc,8f15231d966aea4ab45d88824b7d071912f62beaf5290d8a98fea9ac0da2514f,ade3c726-9f98-4405-8f81-21cf64d96fd8
ms,2.1.3,pass,smoke_tested,True,8,0,False,14234,14002737-807d-40ab-b53c-fc4ab95dbabd,b4bb620b7c1e8520f8ee118625f5e047b1229d1e9ddff307f43c74a19e9b5849,7d1a460b-d737-4193-bf78-e965cbd3cb2e
nanoid,6.0.1,pass,smoke_tested,True,8,0,False,13015,c35bd64c-76fc-44ca-8099-28ebfa73b38c,3a8a3d9d8efac5508dd6a22c134728ad5e6ef4dd8ac9234e84c965b8dc701bca,cfa24309-696b-47d7-9119-92eefc2ea600
negotiator,1.1.0,pass,smoke_tested,True,8,0,False,14317,c099430a-35c5-4af8-b531-c3b47a246a75,86d26807a24d930070b966056339b2a1809282e6cb706b99283581b8da47288c,96b2580b-490f-4f3c-ad00-d3cd486a7385
node-fetch,3.3.2,pass,smoke_tested,True,8,0,False,17402,a80820b5-7119-47f1-8f44-243cc960b5f8,198a0af8e60ddf518fed76c501fd0e5fa055e48f14a08c2e3c44e8340be80bd4,c2b7434b-c83d-46e9-9a7e-58301dc65b8f
ofetch,1.5.1,pass,smoke_tested,True,8,0,False,12866,bef53f2c-c14a-42e2-80bf-1381173a72e1,6d6f38ae49cf49c7af3fe68d52927a9cd5b2a5c04a047a24da1bf1f4ce6aa292,9de9e094-1f1f-49c3-be24-01a904ebbc5c
ora,9.4.1,pass,smoke_tested,True,8,0,False,17263,689d9d0d-4c89-40e0-a0fa-5dfa8ce1e294,fbae92390111bf1b65cade2d25e7f0047d6a5a682b6e8036c5b3aa4045e4de3e,bedecbe2-a698-479d-bdc5-459caaec2645
path-scurry,2.0.2,pass,smoke_tested,True,8,0,False,16110,b15ced35-57f4-4924-bbf0-874cf5289d04,b9cad4ec033fa80cf79f66726cfab8bf6b176e9520aaf6dc41f91ec6f8a4db43,85fcedb1-56cb-422a-9f3c-d750e2fa3eed
picocolors,1.1.1,pass,smoke_tested,True,8,0,False,10735,72a82920-c7bc-4024-bf9b-13f99379cb59,3477174faba612b523f53f014d78215eb1aed8ff11be2c750a94f21390631819,7c87c4f3-35cc-42d5-af35-cea0ea6f936c
picomatch,4.0.7,pass,smoke_tested,True,8,0,False,14275,d79b1503-e611-43f4-8a7d-85d9a2916958,4414d904b51fb21fd01da5f1137727c34cebb5a84dd6ee641e9aaf661eacbe1f,6f6b2c03-34ed-4f63-880c-0dbcbe1d1e85
preact,11.0.0,partial,smoke_tested,True,8,16,False,18080,175cc85d-adbf-4103-8080-cf7540caa31c,ed87c621cac1befd6cfc9982e7ceb7c9ddc881a3b5e08aa44dface3201ed96c1,fc51e62e-e1e2-45cb-b989-58211c1925fe
pretty-bytes,7.2.0,pass,smoke_tested,True,8,0,False,9952,4b63d363-0bbc-4210-bfc5-b89aaaf1d963,921fb5a3fa7573d7ef65a4a10263c3c8e4db7f4a8a99805dddaeb31f9b07926e,13a14ec1-b008-4acf-b63a-ab41593efd15
qs,6.16.0,pass,smoke_tested,True,8,0,False,14006,f9e53927-5642-4117-8588-7afd2a112d44,c1941d93277383b4e39e7f5454dccc450885fe702e76d06a387bac59854e9cbe,b5219b1d-eee7-4208-89d5-003666925104
query-string,9.5.1,pass,smoke_tested,True,8,0,False,9637,40a5409a-a225-48a4-b0cb-8b27ca1c7747,7f6c88e2e2da5fe7c9355aa50ab1032ffc9e020ece3ae540a923d13664c6b97e,eeab81dc-a218-4d46-b01c-88934418ae2a
ramda,0.32.0,inconclusive,smoke_tested,False,8,8,False,22504,1501443b-9c04-4e02-b040-cd0ccac49290,74fc6cefc9800ad81493e6a880ce1b4f999511ab4ba9e11c6b30e2d0bd231b8d,d0e36cd3-ed15-4cb5-abdd-700c4422dda9
react,19.3.0,pass,smoke_tested,True,8,0,False,16484,6448b7b9-ddaf-4cb5-85d6-b1c078be7c5f,1f7bd328921d699e124b36574876fc84a483549bf2c5194db8783db96ef66e01,203172ed-b0d2-4236-95df-6a0ce2c0fad2
react-dom,19.3.0,inconclusive,smoke_tested,False,8,0,False,104417,2be78cb0-cdec-4ca6-b7a2-22e242b65bbb,b03ee97634d83fc3048f3b2d0c5c1b86a765b0d6fae755767885fb821cbb6c9c,50a03f9d-c32d-45e5-8f19-f4ea597cf35b
rxjs,7.8.2,inconclusive,smoke_tested,False,8,0,False,26412,bcd36c0d-8c88-4f77-8473-5a9b258e91ea,6ccde31c89b9826a61761c75480cf9c26a2f240b7afbeaa34814217043143c12,4ab0166b-cec2-4fdc-ab3a-396335d9d477
semver,7.8.5,pass,smoke_tested,True,8,0,False,14578,9463f9cc-dc58-43f3-8c5c-ef0621c37356,f1b57abe57849347ebee11568113f11870d37a6a7529ccc1e806091ad78609d4,23ea4be3-30f5-4236-85bb-c665d7d368a9
sharp,0.35.5,pass,smoke_tested,True,8,0,False,15601,1ec95e7e-8d1a-4e73-a51d-5c447394ff20,d57829b55e2d1ddb85b3fbe1445cd345b016b69f24800538ca8809bc952424d9,9abbfa98-5698-446e-b2ab-844717100c71
solid-js,1.9.15,inconclusive,smoke_tested,False,8,0,False,19780,cf437219-45ba-446d-851f-79d00ca41dae,0d1744c6180ee4da93702c70811669a4f1927773dfa506b20c2c8f84ad195407,ab9355ad-51af-4898-87a4-1e4f27a16907
statuses,2.0.2,pass,smoke_tested,True,8,0,False,9719,7a70d9c6-91d8-4350-abed-26a4c0ff1272,370d30463296a4cf72121b985844d4f6c215996d29409e8c8b7c6f5c8733e96c,374ec382-08b5-4c15-b8e6-0c0bbfef0286
string-width,8.3.0,pass,smoke_tested,True,8,0,False,14639,f7646440-0944-43e7-bafc-b9f687e4835d,de19ca968b687c8b79ac515d7186fd430a4e6191c31f3c62dcc07fd05d30202a,c1196658-f08f-4777-b11f-c2a191b6ca60
strip-ansi,7.2.0,pass,smoke_tested,True,8,0,False,14191,5bbe1ea4-b9e2-4e80-a722-7952accd8993,30bd0fd8dfd30a9fa61a1f964d64d6f2d20572e5ef2b3dc63e250adb3d655d24,7625b2d1-7726-478a-985d-21a1075c1cdd
superstruct,2.0.2,pass,smoke_tested,True,8,0,False,10343,331af5e6-d6fb-48ca-ae4b-2e219c80b8d1,905fc7d639b82c7c55008369144418847381edd2c4cbc6bf09ca15ec72ddf489,687b3f2e-c5cb-47ed-89b8-1c6ca3a0ef1a
svelte,5.57.1,partial,smoke_tested,True,8,8,False,20754,a20a20e5-f979-4895-b147-080c51baf45b,265022c6398ac4a0aee74e9fcc5a54a752a688782e7701e2857494365ac49cad,f87a1b13-20d6-4f99-a808-1f0f869392cf
toml,5.0.0,pass,smoke_tested,True,8,0,False,14975,a937ee8b-6030-449c-9944-598d768767e1,76459e60080b3ff4dd76d9396b7482a2e577909490007f04e5a64b49d9a51df1,820df004-c554-4f25-9dba-aab19b7e604b
tweetnacl,1.0.3,pass,smoke_tested,True,8,0,False,14435,9ff0ae7d-5362-4a8d-a93e-637977686167,bfecf79efc06a4c72272c4136759b6851ffd2e378e8edc090c9433ec6efd4e33,a8ce180e-b098-4f7e-b7d1-071a6d82570a
ulid,3.0.2,pass,smoke_tested,True,8,0,False,14071,9a4f03ce-07a3-4778-9941-ac611b8e7ece,dc884b2739f6210ae1bf99a7adfdb14cf7d6329ccf2933664ed95697b7bc78fa,0ff41abc-d722-4a49-84e2-2b172343bfe2
underscore,1.13.8,inconclusive,smoke_tested,False,8,0,False,19319,2570f580-a767-4d12-9852-8b4a074f5777,c807fa4f49ce3feb275c97d746229d08396ec964d0bf9a2cc35e2fccd7033698,1a19e902-452e-42e8-82b3-2eaf3b416ed5
undici,8.11.2,pass,smoke_tested,True,8,0,False,13466,83316f1e-be60-4643-9a2b-29a130a6636d,80f915b6335efa6ad4eb4cac4e1badf29117ec2aaa114a015d5d1c8da9564f23,7fdff9e6-393c-410c-a4f2-3d4ea1f59aa4
uuid,14.0.2,pass,smoke_tested,True,8,0,False,10899,dc3518c2-765e-40eb-9b99-bc3cbdb0ca56,0151ca4c2cf9a7a0c7473a3436c6f6e15639a037d3c5dbbe1f4778bd9e42d0b9,d11eba33-0062-4c85-b274-064286d952d1
valibot,1.5.0,pass,smoke_tested,True,8,0,False,14007,6e911ba6-fb4b-4620-8d19-288d6db54bdb,1334ca60d9bcf69b1b1498b1628f7c4ca52b2cc49ed8170c770b67df531fee48,87d862a2-5940-4b89-b8f1-b4c3c4f68c30
vue,3.5.43,inconclusive,smoke_tested,False,8,0,False,23173,4858d7e9-62e0-4a06-b769-276f1326bc57,222a4a59b4cf1e8d39e6fe306c3b8b74edf02c704d1e075a7b89fe912f47bdc0,682b5498-c4bd-4cea-a651-a02fb5cee45e
wrap-ansi,10.0.2,pass,smoke_tested,True,8,0,False,12038,2a263a27-79f4-4912-afc0-d8ee6d9848e2,ca2188fc3ae6f72bcf95c378ac84e40b0ac7244adfaf103df4ed2555f861926f,687a80bd-5f73-4026-81f8-af1d7ef70d9a
xxhash-wasm,1.1.0,pass,smoke_tested,True,8,0,False,10279,846c0561-5ccf-4dea-8ca1-d4c6346b9492,3ad771153e3bf8e6fabcce8d26932018346215a9ff858e052d753ecde95054c1,39bf0aa3-9c8b-46a2-87ca-dad1edcd77ed
yaml,2.9.1,pass,smoke_tested,True,8,0,False,13833,d6c4b16f-4885-49ac-89cb-94558b1e1f7e,2012fadfbfcce331a7fc531479e2b86f4ab486b2cf754c39056901150102d023,ea904862-0496-4545-a534-227f8e3c1b02
yargs,18.2.0,partial,smoke_tested,True,8,4,False,15884,b86b93db-5a1f-4fe8-bc76-515af31465f8,0914bc32c48b703e914b842119931f873668d034cb5c53b8106ebd63544ef46f,20ad5d52-e130-4299-b6fb-5e3169b05091
yup,1.7.1,pass,smoke_tested,True,8,0,False,14592,ef7c996b-0373-454c-a31a-596616498487,12d60985cd049b36bf74531ab2e5f1217f43eac91b60cad40f56cd5ff5d824fc,9e9ce7df-459c-438f-9990-d0e7fccb12e9
zod,4.6.5,inconclusive,smoke_tested,False,8,0,False,17541,f56dc765-afb3-48ed-84b7-550b4ca48382,49658ad882071e789ebc65c45d80c759c8045f8371a8a219b5b6be30ea56c49f,c8cc3a70-6631-4b61-b1cf-4cb4fd9a57f5
